epoch,train_acc,train_loss,val_acc,val_loss
0,0.159375,3.1690127601623534,0.2175000002384186,2.736405757904053
1,0.236,2.0468250732421875,0.2369999998807907,2.069265619277954
2,0.283125,1.9213640985488891,0.2930000007152557,1.9735001583099365
3,0.326375,1.8246918783187867,0.28450000047683716,1.8427781772613525
4,0.35025,1.743977418899536,0.31849999976158144,1.7735412769317627
5,0.374125,1.6898502788543701,0.2385000001192093,2.571901090621948
6,0.3955,1.643244638442993,0.21900000011920928,2.855728130340576
7,0.417625,1.5713742609024048,0.3895000002384186,1.691185990333557
