epoch,train_acc,train_loss,val_acc,val_loss
0,0.11199999952316284,2.302694021224976,0.10999999940395355,2.309710741043091
1,0.10800000095367432,2.2994971141815186,0.07000000029802322,2.3135852813720703
